"LSOA21CD","LTLA","PCN_Code","PCN_Name"
"E01016849","Brighton and Hove","U46447","Goldstone PCN"
"E01016850","Brighton and Hove","U46447","Goldstone PCN"
"E01016851","Brighton and Hove","U46447","Goldstone PCN"
"E01016852","Brighton and Hove","U46447","Goldstone PCN"
"E01016853","Brighton and Hove","U46447","Goldstone PCN"
"E01016854","Brighton and Hove","U46447","Goldstone PCN"
"E01016855","Brighton and Hove","U46447","Goldstone PCN"
"E01016856","Brighton and Hove","U46447","Goldstone PCN"
"E01016858","Brighton and Hove","U46447","Goldstone PCN"
"E01016859","Brighton and Hove","U46447","Goldstone PCN"
"E01016860","Brighton and Hove","U46447","Goldstone PCN"
"E01016861","Brighton and Hove","U29677","East & Central Brighton PCN"
"E01016862","Brighton and Hove","U29677","East & Central Brighton PCN"
"E01016863","Brighton and Hove","U29677","East & Central Brighton PCN"
"E01016864","Brighton and Hove","U29677","East & Central Brighton PCN"
"E01016865","Brighton and Hove","U29677","East & Central Brighton PCN"
"E01016866","Brighton and Hove","U29677","East & Central Brighton PCN"
"E01016867","Brighton and Hove","U29677","East & Central Brighton PCN"
"E01016868","Brighton and Hove","U29677","East & Central Brighton PCN"
"E01016869","Brighton and Hove","U29677","East & Central Brighton PCN"
"E01016870","Brighton and Hove","U46447","Goldstone PCN"
"E01016871","Brighton and Hove","U46447","Goldstone PCN"
"E01016872","Brighton and Hove","U46447","Goldstone PCN"
"E01016873","Brighton and Hove","U46447","Goldstone PCN"
"E01016874","Brighton and Hove","U46447","Goldstone PCN"
"E01016875","Brighton and Hove","U46447","Goldstone PCN"
"E01016876","Brighton and Hove","U46447","Goldstone PCN"
"E01016877","Brighton and Hove","U46447","Goldstone PCN"
"E01016878","Brighton and Hove","U46447","Goldstone PCN"
"E01016879","Brighton and Hove","U14062","West Hove PCN"
"E01016880","Brighton and Hove","U14062","West Hove PCN"
"E01016881","Brighton and Hove","U14062","West Hove PCN"
"E01016882","Brighton and Hove","U14062","West Hove PCN"
"E01016883","Brighton and Hove","U14062","West Hove PCN"
"E01016907","Brighton and Hove","U22426","Dean's and Central Brighton PCN"
"E01016884","Brighton and Hove","U14062","West Hove PCN"
"E01016885","Brighton and Hove","U46447","Goldstone PCN"
"E01016886","Brighton and Hove","U14062","West Hove PCN"
"E01016887","Brighton and Hove","U14062","West Hove PCN"
"E01016888","Brighton and Hove","U14062","West Hove PCN"
"E01016889","Brighton and Hove","U29677","East & Central Brighton PCN"
"E01016890","Brighton and Hove","U29677","East & Central Brighton PCN"
"E01016891","Brighton and Hove","U29677","East & Central Brighton PCN"
"E01016892","Brighton and Hove","U29677","East & Central Brighton PCN"
"E01016893","Brighton and Hove","U29677","East & Central Brighton PCN"
"E01016894","Brighton and Hove","U29677","East & Central Brighton PCN"
"E01016895","Brighton and Hove","U29677","East & Central Brighton PCN"
"E01016896","Brighton and Hove","U29677","East & Central Brighton PCN"
"E01016897","Brighton and Hove","U29677","East & Central Brighton PCN"
"E01016898","Brighton and Hove","U55014","North & Central Brighton PCN"
"E01016899","Brighton and Hove","U55014","North & Central Brighton PCN"
"E01016993","Brighton and Hove","U14062","West Hove PCN"
"E01016900","Brighton and Hove","U22426","Dean's and Central Brighton PCN"
"E01016901","Brighton and Hove","U09072","Preston Park Community PCN"
"E01016958","Brighton and Hove","U22426","Dean's and Central Brighton PCN"
"E01016902","Brighton and Hove","U09072","Preston Park Community PCN"
"E01016903","Brighton and Hove","U09072","Preston Park Community PCN"
"E01016904","Brighton and Hove","U29677","East & Central Brighton PCN"
"E01016905","Brighton and Hove","U09072","Preston Park Community PCN"
"E01016906","Brighton and Hove","U22426","Dean's and Central Brighton PCN"
"E01016959","Brighton and Hove","U22426","Dean's and Central Brighton PCN"
"E01016960","Brighton and Hove","U22426","Dean's and Central Brighton PCN"
"E01016961","Brighton and Hove","U22426","Dean's and Central Brighton PCN"
"E01016962","Brighton and Hove","U22426","Dean's and Central Brighton PCN"
"E01016963","Brighton and Hove","U29677","East & Central Brighton PCN"
"E01016964","Brighton and Hove","U29677","East & Central Brighton PCN"
"E01016966","Brighton and Hove","U29677","East & Central Brighton PCN"
"E01016994","Brighton and Hove","U14062","West Hove PCN"
"E01016908","Brighton and Hove","U22426","Dean's and Central Brighton PCN"
"E01016909","Brighton and Hove","U22426","Dean's and Central Brighton PCN"
"E01016910","Brighton and Hove","U22426","Dean's and Central Brighton PCN"
"E01016995","Brighton and Hove","U14062","West Hove PCN"
"E01016911","Brighton and Hove","U22426","Dean's and Central Brighton PCN"
"E01016996","Brighton and Hove","U46447","Goldstone PCN"
"E01017008","Brighton and Hove","U29677","East & Central Brighton PCN"
"E01016912","Brighton and Hove","U29677","East & Central Brighton PCN"
"E01016997","Brighton and Hove","U14062","West Hove PCN"
"E01017009","Brighton and Hove","U29677","East & Central Brighton PCN"
"E01016913","Brighton and Hove","U29677","East & Central Brighton PCN"
"E01016914","Brighton and Hove","U55014","North & Central Brighton PCN"
"E01016915","Brighton and Hove","U22426","Dean's and Central Brighton PCN"
"E01016916","Brighton and Hove","U14062","West Hove PCN"
"E01016917","Brighton and Hove","U14062","West Hove PCN"
"E01016918","Brighton and Hove","U14062","West Hove PCN"
"E01016919","Brighton and Hove","U14062","West Hove PCN"
"E01016920","Brighton and Hove","U14062","West Hove PCN"
"E01016921","Brighton and Hove","U14062","West Hove PCN"
"E01016922","Brighton and Hove","U14062","West Hove PCN"
"E01016923","Brighton and Hove","U09072","Preston Park Community PCN"
"E01016924","Brighton and Hove","U09072","Preston Park Community PCN"
"E01016925","Brighton and Hove","U09072","Preston Park Community PCN"
"E01016926","Brighton and Hove","U09072","Preston Park Community PCN"
"E01016927","Brighton and Hove","U09072","Preston Park Community PCN"
"E01016928","Brighton and Hove","U09072","Preston Park Community PCN"
"E01016929","Brighton and Hove","U09072","Preston Park Community PCN"
"E01016930","Brighton and Hove","U09072","Preston Park Community PCN"
"E01016931","Brighton and Hove","U09072","Preston Park Community PCN"
"E01016932","Brighton and Hove","U09072","Preston Park Community PCN"
"E01016933","Brighton and Hove","U09072","Preston Park Community PCN"
"E01016934","Brighton and Hove","U09072","Preston Park Community PCN"
"E01016935","Brighton and Hove","U09072","Preston Park Community PCN"
"E01016936","Brighton and Hove","U09072","Preston Park Community PCN"
"E01016937","Brighton and Hove","U09072","Preston Park Community PCN"
"E01016938","Brighton and Hove","U55014","North & Central Brighton PCN"
"E01016939","Brighton and Hove","U09072","Preston Park Community PCN"
"E01016940","Brighton and Hove","U09072","Preston Park Community PCN"
"E01016941","Brighton and Hove","U29677","East & Central Brighton PCN"
"E01016942","Brighton and Hove","U29677","East & Central Brighton PCN"
"E01016943","Brighton and Hove","U29677","East & Central Brighton PCN"
"E01016944","Brighton and Hove","U29677","East & Central Brighton PCN"
"E01016945","Brighton and Hove","U29677","East & Central Brighton PCN"
"E01016946","Brighton and Hove","U29677","East & Central Brighton PCN"
"E01016947","Brighton and Hove","U29677","East & Central Brighton PCN"
"E01016948","Brighton and Hove","U29677","East & Central Brighton PCN"
"E01016949","Brighton and Hove","U29677","East & Central Brighton PCN"
"E01016950","Brighton and Hove","U55014","North & Central Brighton PCN"
"E01016951","Brighton and Hove","U55014","North & Central Brighton PCN"
"E01016952","Brighton and Hove","U22426","Dean's and Central Brighton PCN"
"E01016953","Brighton and Hove","U55014","North & Central Brighton PCN"
"E01016954","Brighton and Hove","U46447","Goldstone PCN"
"E01016955","Brighton and Hove","U46447","Goldstone PCN"
"E01016956","Brighton and Hove","U22426","Dean's and Central Brighton PCN"
"E01017010","Brighton and Hove","U29677","East & Central Brighton PCN"
"E01017011","Brighton and Hove","U29677","East & Central Brighton PCN"
"E01017012","Brighton and Hove","U29677","East & Central Brighton PCN"
"E01016998","Brighton and Hove","U09072","Preston Park Community PCN"
"E01016857","Brighton and Hove","U46447","Goldstone PCN"
"E01016957","Brighton and Hove","U29677","East & Central Brighton PCN"
"E01016999","Brighton and Hove","U09072","Preston Park Community PCN"
"E01016967","Brighton and Hove","U55014","North & Central Brighton PCN"
"E01017000","Brighton and Hove","U09072","Preston Park Community PCN"
"E01017001","Brighton and Hove","U09072","Preston Park Community PCN"
"E01017002","Brighton and Hove","U09072","Preston Park Community PCN"
"E01017003","Brighton and Hove","U09072","Preston Park Community PCN"
"E01017004","Brighton and Hove","U09072","Preston Park Community PCN"
"E01017005","Brighton and Hove","U09072","Preston Park Community PCN"
"E01017006","Brighton and Hove","U09072","Preston Park Community PCN"
"E01017007","Brighton and Hove","U29677","East & Central Brighton PCN"
"E01016968","Brighton and Hove","U55014","North & Central Brighton PCN"
"E01016969","Brighton and Hove","U29677","East & Central Brighton PCN"
"E01016970","Brighton and Hove","U09072","Preston Park Community PCN"
"E01016971","Brighton and Hove","U29677","East & Central Brighton PCN"
"E01016972","Brighton and Hove","U09072","Preston Park Community PCN"
"E01016973","Brighton and Hove","U14062","West Hove PCN"
"E01016974","Brighton and Hove","U14062","West Hove PCN"
"E01016975","Brighton and Hove","U14062","West Hove PCN"
"E01016976","Brighton and Hove","U14062","West Hove PCN"
"E01016977","Brighton and Hove","U14062","West Hove PCN"
"E01016978","Brighton and Hove","U14062","West Hove PCN"
"E01016979","Brighton and Hove","U46447","Goldstone PCN"
"E01016980","Brighton and Hove","U46447","Goldstone PCN"
"E01016981","Brighton and Hove","U46447","Goldstone PCN"
"E01016982","Brighton and Hove","U46447","Goldstone PCN"
"E01016983","Brighton and Hove","U46447","Goldstone PCN"
"E01016984","Brighton and Hove","U46447","Goldstone PCN"
"E01016985","Brighton and Hove","U46447","Goldstone PCN"
"E01016986","Brighton and Hove","U46447","Goldstone PCN"
"E01016987","Brighton and Hove","U46447","Goldstone PCN"
"E01016988","Brighton and Hove","U46447","Goldstone PCN"
"E01016989","Brighton and Hove","U46447","Goldstone PCN"
"E01016990","Brighton and Hove","U46447","Goldstone PCN"
"E01016991","Brighton and Hove","U46447","Goldstone PCN"
"E01016992","Brighton and Hove","U14062","West Hove PCN"
"E01020971","Hastings","U99438","Hastings & St Leonards PCN"
"E01020939","Eastbourne","U42972","Victoria Eastbourne PCN"
"E01020972","Hastings","U99438","Hastings & St Leonards PCN"
"E01020940","Eastbourne","U42972","Victoria Eastbourne PCN"
"E01020973","Hastings","U99438","Hastings & St Leonards PCN"
"E01020941","Eastbourne","U42972","Victoria Eastbourne PCN"
"E01020974","Hastings","U99438","Hastings & St Leonards PCN"
"E01020942","Eastbourne","U42972","Victoria Eastbourne PCN"
"E01020943","Eastbourne","U42972","Victoria Eastbourne PCN"
"E01020944","Eastbourne","U42972","Victoria Eastbourne PCN"
"E01020945","Eastbourne","U52868","Alps Group PCN"
"E01020946","Eastbourne","U42972","Victoria Eastbourne PCN"
"E01020947","Eastbourne","U42972","Victoria Eastbourne PCN"
"E01020948","Eastbourne","U52868","Alps Group PCN"
"E01020949","Eastbourne","U52868","Alps Group PCN"
"E01020950","Eastbourne","U52868","Alps Group PCN"
"E01020951","Eastbourne","U48056","Eastbourne East PCN"
"E01020952","Eastbourne","U48056","Eastbourne East PCN"
"E01020953","Eastbourne","U48056","Eastbourne East PCN"
"E01020954","Eastbourne","U48056","Eastbourne East PCN"
"E01020955","Eastbourne","U48056","Eastbourne East PCN"
"E01020956","Eastbourne","U48056","Eastbourne East PCN"
"E01020957","Eastbourne","U48056","Eastbourne East PCN"
"E01020959","Eastbourne","U48056","Eastbourne East PCN"
"E01020960","Eastbourne","U48056","Eastbourne East PCN"
"E01020961","Eastbourne","U48056","Eastbourne East PCN"
"E01020962","Eastbourne","U48056","Eastbourne East PCN"
"E01020963","Eastbourne","U42972","Victoria Eastbourne PCN"
"E01020964","Eastbourne","U42972","Victoria Eastbourne PCN"
"E01020965","Eastbourne","U42972","Victoria Eastbourne PCN"
"E01020966","Eastbourne","U42972","Victoria Eastbourne PCN"
"E01020967","Eastbourne","U42972","Victoria Eastbourne PCN"
"E01021034","Lewes","U37341","Foundry Healthcare Lewes PCN"
"E01020968","Eastbourne","U52868","Alps Group PCN"
"E01021035","Lewes","U37341","Foundry Healthcare Lewes PCN"
"E01021036","Lewes","U37341","Foundry Healthcare Lewes PCN"
"E01020978","Hastings","U99438","Hastings & St Leonards PCN"
"E01020979","Hastings","U99438","Hastings & St Leonards PCN"
"E01021037","Lewes","U37341","Foundry Healthcare Lewes PCN"
"E01020915","Eastbourne","U48056","Eastbourne East PCN"
"E01021038","Lewes","U37341","Foundry Healthcare Lewes PCN"
"E01021039","Lewes","U37341","Foundry Healthcare Lewes PCN"
"E01020916","Eastbourne","U52868","Alps Group PCN"
"E01020980","Hastings","U99438","Hastings & St Leonards PCN"
"E01020981","Hastings","U99438","Hastings & St Leonards PCN"
"E01020917","Eastbourne","U52868","Alps Group PCN"
"E01020982","Hastings","U99438","Hastings & St Leonards PCN"
"E01021040","Lewes","U37341","Foundry Healthcare Lewes PCN"
"E01020918","Eastbourne","U52868","Alps Group PCN"
"E01020983","Hastings","U99438","Hastings & St Leonards PCN"
"E01021041","Lewes","U37341","Foundry Healthcare Lewes PCN"
"E01020919","Eastbourne","U52868","Alps Group PCN"
"E01020984","Hastings","U99438","Hastings & St Leonards PCN"
"E01021042","Lewes","U37341","Foundry Healthcare Lewes PCN"
"E01020920","Eastbourne","U52868","Alps Group PCN"
"E01020985","Hastings","U99438","Hastings & St Leonards PCN"
"E01021043","Lewes","U37341","Foundry Healthcare Lewes PCN"
"E01020921","Eastbourne","U52868","Alps Group PCN"
"E01020986","Hastings","U99438","Hastings & St Leonards PCN"
"E01021044","Lewes","U21317","The Havens PCN"
"E01020922","Eastbourne","U52868","Alps Group PCN"
"E01020975","Hastings","U99438","Hastings & St Leonards PCN"
"E01020976","Hastings","U99438","Hastings & St Leonards PCN"
"E01020977","Hastings","U99438","Hastings & St Leonards PCN"
"E01020910","Eastbourne","U52868","Alps Group PCN"
"E01020911","Eastbourne","U42972","Victoria Eastbourne PCN"
"E01020912","Eastbourne","U52868","Alps Group PCN"
"E01020913","Eastbourne","U48056","Eastbourne East PCN"
"E01020914","Eastbourne","U52868","Alps Group PCN"
"E01020938","Eastbourne","U42972","Victoria Eastbourne PCN"
"E01020970","Hastings","U99438","Hastings & St Leonards PCN"
"E01020987","Hastings","U99438","Hastings & St Leonards PCN"
"E01020988","Hastings","U99438","Hastings & St Leonards PCN"
"E01021045","Lewes","U21317","The Havens PCN"
"E01020923","Eastbourne","U52868","Alps Group PCN"
"E01020989","Hastings","U99438","Hastings & St Leonards PCN"
"E01020990","Hastings","U99438","Hastings & St Leonards PCN"
"E01020991","Hastings","U99438","Hastings & St Leonards PCN"
"E01020992","Hastings","U99438","Hastings & St Leonards PCN"
"E01020993","Hastings","U99438","Hastings & St Leonards PCN"
"E01020994","Hastings","U99438","Hastings & St Leonards PCN"
"E01020995","Hastings","U99438","Hastings & St Leonards PCN"
"E01020996","Hastings","U99438","Hastings & St Leonards PCN"
"E01020997","Hastings","U99438","Hastings & St Leonards PCN"
"E01020998","Hastings","U99438","Hastings & St Leonards PCN"
"E01020999","Hastings","U99438","Hastings & St Leonards PCN"
"E01021000","Hastings","U99438","Hastings & St Leonards PCN"
"E01021001","Hastings","U99438","Hastings & St Leonards PCN"
"E01021002","Hastings","U99438","Hastings & St Leonards PCN"
"E01021003","Hastings","U99438","Hastings & St Leonards PCN"
"E01021004","Hastings","U99438","Hastings & St Leonards PCN"
"E01021005","Hastings","U99438","Hastings & St Leonards PCN"
"E01021006","Hastings","U99438","Hastings & St Leonards PCN"
"E01021007","Hastings","U99438","Hastings & St Leonards PCN"
"E01021008","Hastings","U99438","Hastings & St Leonards PCN"
"E01021009","Hastings","U99438","Hastings & St Leonards PCN"
"E01021010","Hastings","U99438","Hastings & St Leonards PCN"
"E01021011","Hastings","U99438","Hastings & St Leonards PCN"
"E01021012","Hastings","U99438","Hastings & St Leonards PCN"
"E01021013","Hastings","U99438","Hastings & St Leonards PCN"
"E01021014","Hastings","U99438","Hastings & St Leonards PCN"
"E01021015","Hastings","U99438","Hastings & St Leonards PCN"
"E01021016","Hastings","U99438","Hastings & St Leonards PCN"
"E01021017","Hastings","U99438","Hastings & St Leonards PCN"
"E01020924","Eastbourne","U52868","Alps Group PCN"
"E01020925","Eastbourne","U52868","Alps Group PCN"
"E01020926","Eastbourne","U48056","Eastbourne East PCN"
"E01020927","Eastbourne","U52868","Alps Group PCN"
"E01020928","Eastbourne","U52868","Alps Group PCN"
"E01020929","Eastbourne","U52868","Alps Group PCN"
"E01020930","Eastbourne","U52868","Alps Group PCN"
"E01020931","Eastbourne","U52868","Alps Group PCN"
"E01020932","Eastbourne","U52868","Alps Group PCN"
"E01020935","Eastbourne","U42972","Victoria Eastbourne PCN"
"E01020936","Eastbourne","U52868","Alps Group PCN"
"E01021018","Hastings","U99438","Hastings & St Leonards PCN"
"E01020937","Eastbourne","U52868","Alps Group PCN"
"E01020969","Hastings","U99438","Hastings & St Leonards PCN"
"E01021046","Lewes","U21317","The Havens PCN"
"E01021047","Lewes","U21317","The Havens PCN"
"E01021048","Lewes","U21317","The Havens PCN"
"E01021049","Lewes","U21317","The Havens PCN"
"E01021050","Lewes","U21317","The Havens PCN"
"E01021019","Hastings","U99438","Hastings & St Leonards PCN"
"E01021051","Lewes","U21317","The Havens PCN"
"E01021020","Hastings","U99438","Hastings & St Leonards PCN"
"E01021052","Lewes","U36842","Greater Wealden PCN"
"E01021021","Hastings","U99438","Hastings & St Leonards PCN"
"E01021053","Lewes","U36842","Greater Wealden PCN"
"E01021022","Lewes","U37341","Foundry Healthcare Lewes PCN"
"E01021054","Lewes","U37341","Foundry Healthcare Lewes PCN"
"E01021023","Lewes","U06871","Burgess Hill & Villages PCN"
"E01021055","Lewes","U37341","Foundry Healthcare Lewes PCN"
"E01021024","Lewes","U36842","Greater Wealden PCN"
"E01021056","Lewes","U37341","Foundry Healthcare Lewes PCN"
"E01021057","Lewes","U21317","The Havens PCN"
"E01021058","Lewes","U21317","The Havens PCN"
"E01021059","Lewes","U21317","The Havens PCN"
"E01021060","Lewes","U21317","The Havens PCN"
"E01021061","Lewes","U21317","The Havens PCN"
"E01021062","Lewes","U21317","The Havens PCN"
"E01021063","Lewes","U21317","The Havens PCN"
"E01021064","Lewes","U21317","The Havens PCN"
"E01021065","Lewes","U21317","The Havens PCN"
"E01021066","Lewes","U21317","The Havens PCN"
"E01021067","Lewes","U36842","Greater Wealden PCN"
"E01021025","Lewes","U36842","Greater Wealden PCN"
"E01021026","Lewes","U06871","Burgess Hill & Villages PCN"
"E01021027","Lewes","U22426","Dean's and Central Brighton PCN"
"E01021028","Lewes","U21317","The Havens PCN"
"E01021029","Lewes","U21317","The Havens PCN"
"E01021030","Lewes","U22426","Dean's and Central Brighton PCN"
"E01021031","Lewes","U21317","The Havens PCN"
"E01021032","Lewes","U37341","Foundry Healthcare Lewes PCN"
"E01021033","Lewes","U37341","Foundry Healthcare Lewes PCN"
"E01021068","Lewes","U36842","Greater Wealden PCN"
"E01021069","Lewes","U05632","Seaford PCN"
"E01021070","Lewes","U05632","Seaford PCN"
"E01021071","Lewes","U05632","Seaford PCN"
"E01021072","Lewes","U05632","Seaford PCN"
"E01021073","Lewes","U05632","Seaford PCN"
"E01021074","Lewes","U05632","Seaford PCN"
"E01021075","Lewes","U05632","Seaford PCN"
"E01021211","Wealden","U48056","Eastbourne East PCN"
"E01021076","Lewes","U05632","Seaford PCN"
"E01021077","Lewes","U05632","Seaford PCN"
"E01021078","Lewes","U05632","Seaford PCN"
"E01021079","Lewes","U05632","Seaford PCN"
"E01021080","Lewes","U05632","Seaford PCN"
"E01021081","Lewes","U05632","Seaford PCN"
"E01021082","Lewes","U05632","Seaford PCN"
"E01021083","Lewes","U05632","Seaford PCN"
"E01021084","Rother","U79764","Rural Rother PCN"
"E01021085","Rother","U79764","Rural Rother PCN"
"E01021086","Rother","U79764","Rural Rother PCN"
"E01021087","Rother","U79764","Rural Rother PCN"
"E01021088","Rother","U79764","Rural Rother PCN"
"E01021089","Rother","U79764","Rural Rother PCN"
"E01021090","Rother","U85348","Bexhill PCN"
"E01021091","Rother","U85348","Bexhill PCN"
"E01021092","Rother","U85348","Bexhill PCN"
"E01021093","Rother","U85348","Bexhill PCN"
"E01021094","Rother","U85348","Bexhill PCN"
"E01021095","Rother","U85348","Bexhill PCN"
"E01021096","Rother","U79764","Rural Rother PCN"
"E01021097","Rother","U79764","Rural Rother PCN"
"E01021098","Rother","U79764","Rural Rother PCN"
"E01021099","Rother","U79764","Rural Rother PCN"
"E01021100","Rother","U79764","Rural Rother PCN"
"E01021101","Rother","U79764","Rural Rother PCN"
"E01021102","Rother","U79764","Rural Rother PCN"
"E01021103","Rother","U79764","Rural Rother PCN"
"E01021104","Rother","U79764","Rural Rother PCN"
"E01021105","Rother","U79764","Rural Rother PCN"
"E01021106","Rother","U85348","Bexhill PCN"
"E01021107","Rother","U85348","Bexhill PCN"
"E01021108","Rother","U85348","Bexhill PCN"
"E01021109","Rother","U99438","Hastings & St Leonards PCN"
"E01021168","Wealden","U54760","High Weald PCN"
"E01021110","Rother","U99438","Hastings & St Leonards PCN"
"E01021111","Rother","U85348","Bexhill PCN"
"E01021112","Rother","U85348","Bexhill PCN"
"E01021113","Rother","U85348","Bexhill PCN"
"E01021114","Rother","U79764","Rural Rother PCN"
"E01021115","Rother","U79764","Rural Rother PCN"
"E01021116","Rother","U79764","Rural Rother PCN"
"E01021117","Rother","U79764","Rural Rother PCN"
"E01021123","Rother","U85348","Bexhill PCN"
"E01021124","Rother","U85348","Bexhill PCN"
"E01021125","Rother","U85348","Bexhill PCN"
"E01021126","Rother","U85348","Bexhill PCN"
"E01021127","Rother","U85348","Bexhill PCN"
"E01021128","Rother","U85348","Bexhill PCN"
"E01021129","Rother","U85348","Bexhill PCN"
"E01021130","Rother","U85348","Bexhill PCN"
"E01021131","Rother","U85348","Bexhill PCN"
"E01021132","Rother","U79764","Rural Rother PCN"
"E01021133","Rother","U79764","Rural Rother PCN"
"E01021134","Rother","U79764","Rural Rother PCN"
"E01021135","Rother","U85348","Bexhill PCN"
"E01021172","Wealden","U54760","High Weald PCN"
"E01021136","Rother","U85348","Bexhill PCN"
"E01021225","Wealden","U36842","Greater Wealden PCN"
"E01021173","Wealden","U54760","High Weald PCN"
"E01021137","Rother","U85348","Bexhill PCN"
"E01021226","Wealden","U36842","Greater Wealden PCN"
"E01021213","Wealden","U42972","Victoria Eastbourne PCN"
"E01021214","Wealden","U42972","Victoria Eastbourne PCN"
"E01021227","Wealden","U36842","Greater Wealden PCN"
"E01021215","Wealden","U42972","Victoria Eastbourne PCN"
"E01021216","Wealden","U42972","Victoria Eastbourne PCN"
"E01021217","Wealden","U54760","High Weald PCN"
"E01021218","Wealden","U54760","High Weald PCN"
"E01021219","Wealden","U36842","Greater Wealden PCN"
"E01021138","Rother","U85348","Bexhill PCN"
"E01021220","Wealden","U36842","Greater Wealden PCN"
"E01021141","Rother","U79764","Rural Rother PCN"
"E01021174","Wealden","U94996","Hailsham PCN"
"E01021142","Wealden","U94996","Hailsham PCN"
"E01021231","Wealden","U54760","High Weald PCN"
"E01021232","Wealden","U42972","Victoria Eastbourne PCN"
"E01021233","Wealden","U42972","Victoria Eastbourne PCN"
"E01021234","Wealden","U42972","Victoria Eastbourne PCN"
"E01021235","Wealden","U42972","Victoria Eastbourne PCN"
"E01021236","Wealden","U42972","Victoria Eastbourne PCN"
"E01021228","Wealden","U36842","Greater Wealden PCN"
"E01021139","Rother","U54760","High Weald PCN"
"E01021175","Wealden","U94996","Hailsham PCN"
"E01021229","Wealden","U54760","High Weald PCN"
"E01021143","Wealden","U05632","Seaford PCN"
"E01021140","Rother","U54760","High Weald PCN"
"E01021144","Wealden","U36842","Greater Wealden PCN"
"E01021145","Wealden","U36842","Greater Wealden PCN"
"E01021176","Wealden","U94996","Hailsham PCN"
"E01021146","Wealden","U36842","Greater Wealden PCN"
"E01021177","Wealden","U94996","Hailsham PCN"
"E01021147","Wealden","U36842","Greater Wealden PCN"
"E01021178","Wealden","U94996","Hailsham PCN"
"E01021148","Wealden","U36842","Greater Wealden PCN"
"E01021179","Wealden","U94996","Hailsham PCN"
"E01021149","Wealden","U36842","Greater Wealden PCN"
"E01021180","Wealden","U94996","Hailsham PCN"
"E01021150","Wealden","U36842","Greater Wealden PCN"
"E01021181","Wealden","U94996","Hailsham PCN"
"E01021151","Wealden","U54760","High Weald PCN"
"E01021152","Wealden","U54760","High Weald PCN"
"E01021182","Wealden","U94996","Hailsham PCN"
"E01021118","Rother","U79764","Rural Rother PCN"
"E01021221","Wealden","U36842","Greater Wealden PCN"
"E01021119","Rother","U79764","Rural Rother PCN"
"E01021183","Wealden","U94996","Hailsham PCN"
"E01021184","Wealden","U94996","Hailsham PCN"
"E01021153","Wealden","U54760","High Weald PCN"
"E01021169","Wealden","U54760","High Weald PCN"
"E01021185","Wealden","U94996","Hailsham PCN"
"E01021154","Wealden","U54760","High Weald PCN"
"E01021222","Wealden","U36842","Greater Wealden PCN"
"E01021186","Wealden","U54760","High Weald PCN"
"E01021155","Wealden","U54760","High Weald PCN"
"E01021120","Rother","U85348","Bexhill PCN"
"E01021187","Wealden","U54760","High Weald PCN"
"E01021156","Wealden","U54760","High Weald PCN"
"E01021188","Wealden","U36842","Greater Wealden PCN"
"E01021157","Wealden","U54760","High Weald PCN"
"E01021189","Wealden","U36842","Greater Wealden PCN"
"E01021158","Wealden","U54760","High Weald PCN"
"E01021190","Wealden","U36842","Greater Wealden PCN"
"E01021191","Wealden","U36842","Greater Wealden PCN"
"E01021192","Wealden","U36842","Greater Wealden PCN"
"E01021170","Wealden","U36842","Greater Wealden PCN"
"E01021193","Wealden","U36842","Greater Wealden PCN"
"E01021159","Wealden","U54760","High Weald PCN"
"E01021223","Wealden","U36842","Greater Wealden PCN"
"E01021194","Wealden","U36842","Greater Wealden PCN"
"E01021160","Wealden","U54760","High Weald PCN"
"E01021121","Rother","U85348","Bexhill PCN"
"E01021196","Wealden","U94996","Hailsham PCN"
"E01021161","Wealden","U54760","High Weald PCN"
"E01021198","Wealden","U36842","Greater Wealden PCN"
"E01021162","Wealden","U54760","High Weald PCN"
"E01021199","Wealden","U36842","Greater Wealden PCN"
"E01021163","Wealden","U54760","High Weald PCN"
"E01021200","Wealden","U36842","Greater Wealden PCN"
"E01021164","Wealden","U36842","Greater Wealden PCN"
"E01021201","Wealden","U36842","Greater Wealden PCN"
"E01021165","Wealden","U36842","Greater Wealden PCN"
"E01021171","Wealden","U54760","High Weald PCN"
"E01021202","Wealden","U54760","High Weald PCN"
"E01021166","Wealden","U05632","Seaford PCN"
"E01021224","Wealden","U36842","Greater Wealden PCN"
"E01021203","Wealden","U54760","High Weald PCN"
"E01021167","Wealden","U54760","High Weald PCN"
"E01021122","Rother","U85348","Bexhill PCN"
"E01021204","Wealden","U85348","Bexhill PCN"
"E01021205","Wealden","U85348","Bexhill PCN"
"E01021230","Wealden","U54760","High Weald PCN"
"E01021206","Wealden","U48056","Eastbourne East PCN"
"E01021207","Wealden","U48056","Eastbourne East PCN"
"E01021208","Wealden","U48056","Eastbourne East PCN"
"E01021209","Wealden","U48056","Eastbourne East PCN"
"E01021210","Wealden","U48056","Eastbourne East PCN"
"E01031586","Crawley","U14816","Healthy Crawley PCN"
"E01031588","Crawley","U14816","Healthy Crawley PCN"
"E01031589","Crawley","U14816","Healthy Crawley PCN"
"E01031590","Crawley","U14816","Healthy Crawley PCN"
"E01031591","Crawley","U14816","Healthy Crawley PCN"
"E01031592","Crawley","U14816","Healthy Crawley PCN"
"E01031593","Crawley","U14816","Healthy Crawley PCN"
"E01031594","Crawley","U14816","Healthy Crawley PCN"
"E01031595","Crawley","U52694","Crawley Care Collaborative PCN"
"E01031386","Arun","U04748","Angmering Coppice Fitzalan (ACF) PCN"
"E01031492","Chichester","U24558","Chichester Alliance of Medical Practices PCN"
"E01031387","Arun","U04748","Angmering Coppice Fitzalan (ACF) PCN"
"E01031389","Arun","U04748","Angmering Coppice Fitzalan (ACF) PCN"
"E01031493","Chichester","U24558","Chichester Alliance of Medical Practices PCN"
"E01031439","Arun","U08235","Regis Healthcare PCN"
"E01031390","Arun","U08235","Regis Healthcare PCN"
"E01031338","Adur","U37037","Shoreham and Southwick PCN"
"E01031494","Chichester","U24558","Chichester Alliance of Medical Practices PCN"
"E01031495","Chichester","U24558","Chichester Alliance of Medical Practices PCN"
"E01031496","Chichester","U24558","Chichester Alliance of Medical Practices PCN"
"E01031497","Chichester","U33593","Rural North Chichester PCN"
"E01031498","Chichester","U33593","Rural North Chichester PCN"
"E01031499","Chichester","U24558","Chichester Alliance of Medical Practices PCN"
"E01031500","Chichester","U24558","Chichester Alliance of Medical Practices PCN"
"E01031501","Chichester","U24558","Chichester Alliance of Medical Practices PCN"
"E01031502","Chichester","U33593","Rural North Chichester PCN"
"E01031503","Chichester","U33593","Rural North Chichester PCN"
"E01031504","Chichester","U33593","Rural North Chichester PCN"
"E01031505","Chichester","U24558","Chichester Alliance of Medical Practices PCN"
"E01031506","Chichester","U24558","Chichester Alliance of Medical Practices PCN"
"E01031507","Chichester","U24558","Chichester Alliance of Medical Practices PCN"
"E01031508","Chichester","U33593","Rural North Chichester PCN"
"E01031511","Chichester","U33593","Rural North Chichester PCN"
"E01031512","Chichester","U33593","Rural North Chichester PCN"
"E01031514","Chichester","U33593","Rural North Chichester PCN"
"E01031515","Chichester","U33593","Rural North Chichester PCN"
"E01031516","Chichester","U33593","Rural North Chichester PCN"
"E01031517","Chichester","U33593","Rural North Chichester PCN"
"E01031518","Chichester","U33593","Rural North Chichester PCN"
"E01031519","Chichester","U33593","Rural North Chichester PCN"
"E01031385","Arun","U60757","Bognor Coastal Alliance PCN"
"E01031545","Chichester","U33593","Rural North Chichester PCN"
"E01031546","Crawley","U33451","South Crawley PCN"
"E01031547","Crawley","U33451","South Crawley PCN"
"E01031548","Crawley","U33451","South Crawley PCN"
"E01031549","Crawley","U33451","South Crawley PCN"
"E01031550","Crawley","U33451","South Crawley PCN"
"E01031551","Crawley","U33451","South Crawley PCN"
"E01031552","Crawley","U33451","South Crawley PCN"
"E01031553","Crawley","U33451","South Crawley PCN"
"E01031554","Crawley","U33451","South Crawley PCN"
"E01031555","Crawley","U33451","South Crawley PCN"
"E01031556","Crawley","U33451","South Crawley PCN"
"E01031557","Crawley","U33451","South Crawley PCN"
"E01031491","Chichester","U24558","Chichester Alliance of Medical Practices PCN"
"E01031438","Arun","U08235","Regis Healthcare PCN"
"E01031558","Crawley","U33451","South Crawley PCN"
"E01031559","Crawley","U33451","South Crawley PCN"
"E01031560","Crawley","U14816","Healthy Crawley PCN"
"E01031561","Crawley","U14816","Healthy Crawley PCN"
"E01031562","Crawley","U14816","Healthy Crawley PCN"
"E01031563","Crawley","U14816","Healthy Crawley PCN"
"E01031564","Crawley","U33451","South Crawley PCN"
"E01031565","Crawley","U33451","South Crawley PCN"
"E01031566","Crawley","U33451","South Crawley PCN"
"E01031567","Crawley","U52694","Crawley Care Collaborative PCN"
"E01031568","Crawley","U14816","Healthy Crawley PCN"
"E01031569","Crawley","U14816","Healthy Crawley PCN"
"E01031570","Crawley","U52694","Crawley Care Collaborative PCN"
"E01031571","Crawley","U14816","Healthy Crawley PCN"
"E01031572","Crawley","U14816","Healthy Crawley PCN"
"E01031573","Crawley","U52694","Crawley Care Collaborative PCN"
"E01031574","Crawley","U52694","Crawley Care Collaborative PCN"
"E01031575","Crawley","U52694","Crawley Care Collaborative PCN"
"E01031576","Crawley","U52694","Crawley Care Collaborative PCN"
"E01031426","Arun","U49536","Coastal and South Downs PCN"
"E01031577","Crawley","U52694","Crawley Care Collaborative PCN"
"E01031578","Crawley","U33451","South Crawley PCN"
"E01031579","Crawley","U33451","South Crawley PCN"
"E01031580","Crawley","U33451","South Crawley PCN"
"E01031581","Crawley","U33451","South Crawley PCN"
"E01031582","Crawley","U33451","South Crawley PCN"
"E01031583","Crawley","U52694","Crawley Care Collaborative PCN"
"E01031584","Crawley","U33451","South Crawley PCN"
"E01031585","Crawley","U33451","South Crawley PCN"
"E01031520","Chichester","U33593","Rural North Chichester PCN"
"E01031521","Chichester","U33593","Rural North Chichester PCN"
"E01031522","Chichester","U24558","Chichester Alliance of Medical Practices PCN"
"E01031523","Chichester","U24558","Chichester Alliance of Medical Practices PCN"
"E01031524","Chichester","U24558","Chichester Alliance of Medical Practices PCN"
"E01031525","Chichester","U24558","Chichester Alliance of Medical Practices PCN"
"E01031526","Chichester","U24558","Chichester Alliance of Medical Practices PCN"
"E01031527","Chichester","U24558","Chichester Alliance of Medical Practices PCN"
"E01031528","Chichester","U24558","Chichester Alliance of Medical Practices PCN"
"E01031529","Chichester","U24558","Chichester Alliance of Medical Practices PCN"
"E01031530","Chichester","U24558","Chichester Alliance of Medical Practices PCN"
"E01031531","Chichester","U24558","Chichester Alliance of Medical Practices PCN"
"E01031532","Chichester","U24558","Chichester Alliance of Medical Practices PCN"
"E01031533","Chichester","U24558","Chichester Alliance of Medical Practices PCN"
"E01031534","Chichester","U24558","Chichester Alliance of Medical Practices PCN"
"E01031535","Chichester","U24558","Chichester Alliance of Medical Practices PCN"
"E01031536","Chichester","U33593","Rural North Chichester PCN"
"E01031538","Chichester","U24558","Chichester Alliance of Medical Practices PCN"
"E01031539","Chichester","U24558","Chichester Alliance of Medical Practices PCN"
"E01031540","Chichester","U24558","Chichester Alliance of Medical Practices PCN"
"E01031541","Chichester","U24558","Chichester Alliance of Medical Practices PCN"
"E01031542","Chichester","U24558","Chichester Alliance of Medical Practices PCN"
"E01031543","Chichester","U24558","Chichester Alliance of Medical Practices PCN"
"E01031544","Chichester","U33593","Rural North Chichester PCN"
"E01031440","Arun","U08235","Regis Healthcare PCN"
"E01031339","Adur","U37037","Shoreham and Southwick PCN"
"E01031391","Arun","U08235","Regis Healthcare PCN"
"E01031427","Arun","U04748","Angmering Coppice Fitzalan (ACF) PCN"
"E01031363","Adur","U87478","Lancing and Sompting PCN"
"E01031428","Arun","U04748","Angmering Coppice Fitzalan (ACF) PCN"
"E01031364","Adur","U37037","Shoreham and Southwick PCN"
"E01031365","Adur","U37037","Shoreham and Southwick PCN"
"E01031366","Adur","U37037","Shoreham and Southwick PCN"
"E01031367","Adur","U37037","Shoreham and Southwick PCN"
"E01031368","Adur","U37037","Shoreham and Southwick PCN"
"E01031369","Adur","U37037","Shoreham and Southwick PCN"
"E01031370","Adur","U37037","Shoreham and Southwick PCN"
"E01031371","Adur","U37037","Shoreham and Southwick PCN"
"E01031372","Adur","U37037","Shoreham and Southwick PCN"
"E01031373","Adur","U37037","Shoreham and Southwick PCN"
"E01031374","Adur","U37037","Shoreham and Southwick PCN"
"E01031375","Adur","U37037","Shoreham and Southwick PCN"
"E01031376","Adur","U87478","Lancing and Sompting PCN"
"E01031377","Adur","U87478","Lancing and Sompting PCN"
"E01031378","Adur","U87478","Lancing and Sompting PCN"
"E01031379","Adur","U87478","Lancing and Sompting PCN"
"E01031380","Arun","U60757","Bognor Coastal Alliance PCN"
"E01031381","Arun","U60757","Bognor Coastal Alliance PCN"
"E01031382","Arun","U60757","Bognor Coastal Alliance PCN"
"E01031383","Arun","U60757","Bognor Coastal Alliance PCN"
"E01031384","Arun","U60757","Bognor Coastal Alliance PCN"
"E01031393","Arun","U08235","Regis Healthcare PCN"
"E01031442","Arun","U60757","Bognor Coastal Alliance PCN"
"E01031394","Arun","U08235","Regis Healthcare PCN"
"E01031443","Arun","U60757","Bognor Coastal Alliance PCN"
"E01031395","Arun","U08235","Regis Healthcare PCN"
"E01031444","Arun","U08235","Regis Healthcare PCN"
"E01031396","Arun","U08235","Regis Healthcare PCN"
"E01031445","Arun","U60757","Bognor Coastal Alliance PCN"
"E01031397","Arun","U08235","Regis Healthcare PCN"
"E01031446","Arun","U60757","Bognor Coastal Alliance PCN"
"E01031398","Arun","U21339","Arun Integrated Care (AIC) PCN"
"E01031447","Arun","U60757","Bognor Coastal Alliance PCN"
"E01031399","Arun","U21339","Arun Integrated Care (AIC) PCN"
"E01031448","Arun","U60757","Bognor Coastal Alliance PCN"
"E01031400","Arun","U21339","Arun Integrated Care (AIC) PCN"
"E01031449","Arun","U60757","Bognor Coastal Alliance PCN"
"E01031402","Arun","U08235","Regis Healthcare PCN"
"E01031429","Arun","U04748","Angmering Coppice Fitzalan (ACF) PCN"
"E01031430","Arun","U04748","Angmering Coppice Fitzalan (ACF) PCN"
"E01031431","Arun","U08235","Regis Healthcare PCN"
"E01031432","Arun","U08235","Regis Healthcare PCN"
"E01031433","Arun","U08235","Regis Healthcare PCN"
"E01031434","Arun","U08235","Regis Healthcare PCN"
"E01031435","Arun","U60757","Bognor Coastal Alliance PCN"
"E01031436","Arun","U08235","Regis Healthcare PCN"
"E01031437","Arun","U60757","Bognor Coastal Alliance PCN"
"E01031450","Arun","U60757","Bognor Coastal Alliance PCN"
"E01031403","Arun","U08235","Regis Healthcare PCN"
"E01031404","Arun","U08235","Regis Healthcare PCN"
"E01031405","Arun","U08235","Regis Healthcare PCN"
"E01031406","Arun","U60757","Bognor Coastal Alliance PCN"
"E01031407","Arun","U21339","Arun Integrated Care (AIC) PCN"
"E01031408","Arun","U21339","Arun Integrated Care (AIC) PCN"
"E01031409","Arun","U21339","Arun Integrated Care (AIC) PCN"
"E01031410","Arun","U21339","Arun Integrated Care (AIC) PCN"
"E01031411","Arun","U21339","Arun Integrated Care (AIC) PCN"
"E01031412","Arun","U21339","Arun Integrated Care (AIC) PCN"
"E01031413","Arun","U21339","Arun Integrated Care (AIC) PCN"
"E01031414","Arun","U21339","Arun Integrated Care (AIC) PCN"
"E01031415","Arun","U21339","Arun Integrated Care (AIC) PCN"
"E01031416","Arun","U08235","Regis Healthcare PCN"
"E01031417","Arun","U08235","Regis Healthcare PCN"
"E01031418","Arun","U08235","Regis Healthcare PCN"
"E01031419","Arun","U08235","Regis Healthcare PCN"
"E01031420","Arun","U08235","Regis Healthcare PCN"
"E01031422","Arun","U49536","Coastal and South Downs PCN"
"E01031423","Arun","U49536","Coastal and South Downs PCN"
"E01031424","Arun","U49536","Coastal and South Downs PCN"
"E01031425","Arun","U49536","Coastal and South Downs PCN"
"E01031451","Arun","U60757","Bognor Coastal Alliance PCN"
"E01031452","Arun","U60757","Bognor Coastal Alliance PCN"
"E01031453","Arun","U60757","Bognor Coastal Alliance PCN"
"E01031454","Arun","U04748","Angmering Coppice Fitzalan (ACF) PCN"
"E01031455","Arun","U21339","Arun Integrated Care (AIC) PCN"
"E01031456","Arun","U04748","Angmering Coppice Fitzalan (ACF) PCN"
"E01031457","Arun","U21339","Arun Integrated Care (AIC) PCN"
"E01031458","Arun","U21339","Arun Integrated Care (AIC) PCN"
"E01031459","Arun","U21339","Arun Integrated Care (AIC) PCN"
"E01031460","Arun","U21339","Arun Integrated Care (AIC) PCN"
"E01031461","Arun","U21339","Arun Integrated Care (AIC) PCN"
"E01031462","Arun","U21339","Arun Integrated Care (AIC) PCN"
"E01031463","Arun","U21339","Arun Integrated Care (AIC) PCN"
"E01031464","Arun","U21339","Arun Integrated Care (AIC) PCN"
"E01031465","Arun","U08235","Regis Healthcare PCN"
"E01031466","Arun","U08235","Regis Healthcare PCN"
"E01031469","Arun","U04748","Angmering Coppice Fitzalan (ACF) PCN"
"E01031470","Arun","U08235","Regis Healthcare PCN"
"E01031441","Arun","U08235","Regis Healthcare PCN"
"E01031471","Arun","U08235","Regis Healthcare PCN"
"E01031392","Arun","U08235","Regis Healthcare PCN"
"E01031472","Arun","U08235","Regis Healthcare PCN"
"E01031340","Adur","U37037","Shoreham and Southwick PCN"
"E01031473","Arun","U08235","Regis Healthcare PCN"
"E01031341","Adur","U87478","Lancing and Sompting PCN"
"E01031342","Adur","U87478","Lancing and Sompting PCN"
"E01031343","Adur","U87478","Lancing and Sompting PCN"
"E01031344","Adur","U87478","Lancing and Sompting PCN"
"E01031345","Adur","U87478","Lancing and Sompting PCN"
"E01031346","Adur","U87478","Lancing and Sompting PCN"
"E01031347","Adur","U37037","Shoreham and Southwick PCN"
"E01031348","Adur","U37037","Shoreham and Southwick PCN"
"E01031349","Adur","U37037","Shoreham and Southwick PCN"
"E01031350","Adur","U37037","Shoreham and Southwick PCN"
"E01031351","Adur","U37037","Shoreham and Southwick PCN"
"E01031352","Adur","U37037","Shoreham and Southwick PCN"
"E01031353","Adur","U87478","Lancing and Sompting PCN"
"E01031354","Adur","U87478","Lancing and Sompting PCN"
"E01031355","Adur","U87478","Lancing and Sompting PCN"
"E01031356","Adur","U37037","Shoreham and Southwick PCN"
"E01031357","Adur","U37037","Shoreham and Southwick PCN"
"E01031358","Adur","U87478","Lancing and Sompting PCN"
"E01031359","Adur","U87478","Lancing and Sompting PCN"
"E01031360","Adur","U87478","Lancing and Sompting PCN"
"E01031361","Adur","U87478","Lancing and Sompting PCN"
"E01031362","Adur","U87478","Lancing and Sompting PCN"
"E01031474","Chichester","U24558","Chichester Alliance of Medical Practices PCN"
"E01031475","Chichester","U24558","Chichester Alliance of Medical Practices PCN"
"E01031476","Chichester","U24558","Chichester Alliance of Medical Practices PCN"
"E01031477","Chichester","U24558","Chichester Alliance of Medical Practices PCN"
"E01031478","Chichester","U33593","Rural North Chichester PCN"
"E01031479","Chichester","U33593","Rural North Chichester PCN"
"E01031480","Chichester","U24558","Chichester Alliance of Medical Practices PCN"
"E01031481","Chichester","U24558","Chichester Alliance of Medical Practices PCN"
"E01031482","Chichester","U24558","Chichester Alliance of Medical Practices PCN"
"E01031483","Chichester","U24558","Chichester Alliance of Medical Practices PCN"
"E01031484","Chichester","U24558","Chichester Alliance of Medical Practices PCN"
"E01031485","Chichester","U24558","Chichester Alliance of Medical Practices PCN"
"E01031486","Chichester","U24558","Chichester Alliance of Medical Practices PCN"
"E01031487","Chichester","U24558","Chichester Alliance of Medical Practices PCN"
"E01031489","Chichester","U24558","Chichester Alliance of Medical Practices PCN"
"E01031490","Chichester","U24558","Chichester Alliance of Medical Practices PCN"
"E01031651","Horsham","U26939","Horsham Central PCN"
"E01031811","Worthing","U01092","Cissbury Integrated Care PCN"
"E01031812","Worthing","U01092","Cissbury Integrated Care PCN"
"E01031813","Worthing","U01092","Cissbury Integrated Care PCN"
"E01031814","Worthing","U01092","Cissbury Integrated Care PCN"
"E01031815","Worthing","U01092","Cissbury Integrated Care PCN"
"E01031816","Worthing","U01092","Cissbury Integrated Care PCN"
"E01031817","Worthing","U49536","Coastal and South Downs PCN"
"E01031818","Worthing","U49536","Coastal and South Downs PCN"
"E01031820","Worthing","U49536","Coastal and South Downs PCN"
"E01031821","Worthing","U49536","Coastal and South Downs PCN"
"E01031822","Worthing","U13952","Central Worthing Practices PCN"
"E01031823","Worthing","U13952","Central Worthing Practices PCN"
"E01031824","Worthing","U13952","Central Worthing Practices PCN"
"E01031825","Worthing","U13952","Central Worthing Practices PCN"
"E01031826","Worthing","U13952","Central Worthing Practices PCN"
"E01031827","Worthing","U13952","Central Worthing Practices PCN"
"E01031596","Crawley","U52694","Crawley Care Collaborative PCN"
"E01031828","Worthing","U49536","Coastal and South Downs PCN"
"E01031703","Mid Sussex","U06871","Burgess Hill & Villages PCN"
"E01031597","Crawley","U52694","Crawley Care Collaborative PCN"
"E01031829","Worthing","U49536","Coastal and South Downs PCN"
"E01031598","Crawley","U52694","Crawley Care Collaborative PCN"
"E01031830","Worthing","U49536","Coastal and South Downs PCN"
"E01031599","Crawley","U52694","Crawley Care Collaborative PCN"
"E01031704","Mid Sussex","U06871","Burgess Hill & Villages PCN"
"E01031600","Crawley","U52694","Crawley Care Collaborative PCN"
"E01031795","Worthing","U49536","Coastal and South Downs PCN"
"E01031674","Horsham","U96386","Horsham Collaborative PCN"
"E01031831","Worthing","U01092","Cissbury Integrated Care PCN"
"E01031601","Crawley","U52694","Crawley Care Collaborative PCN"
"E01031796","Worthing","U13952","Central Worthing Practices PCN"
"E01031675","Horsham","U96386","Horsham Collaborative PCN"
"E01031603","Crawley","U52694","Crawley Care Collaborative PCN"
"E01031797","Worthing","U13952","Central Worthing Practices PCN"
"E01031763","Mid Sussex","U04725","Haywards Heath Central PCN"
"E01031677","Horsham","U96386","Horsham Collaborative PCN"
"E01031705","Mid Sussex","U06871","Burgess Hill & Villages PCN"
"E01031604","Crawley","U14816","Healthy Crawley PCN"
"E01031798","Worthing","U13952","Central Worthing Practices PCN"
"E01031799","Worthing","U13952","Central Worthing Practices PCN"
"E01031605","Crawley","U14816","Healthy Crawley PCN"
"E01031757","Mid Sussex","U03364","Haywards Heath Villages PCN"
"E01031800","Worthing","U13952","Central Worthing Practices PCN"
"E01031606","Crawley","U14816","Healthy Crawley PCN"
"E01031678","Horsham","U96386","Horsham Collaborative PCN"
"E01031832","Worthing","U01092","Cissbury Integrated Care PCN"
"E01031656","Horsham","U26939","Horsham Central PCN"
"E01031801","Worthing","U13952","Central Worthing Practices PCN"
"E01031607","Crawley","U14816","Healthy Crawley PCN"
"E01031679","Horsham","U96386","Horsham Collaborative PCN"
"E01031652","Horsham","U26939","Horsham Central PCN"
"E01031835","Worthing","U01092","Cissbury Integrated Care PCN"
"E01031802","Worthing","U49536","Coastal and South Downs PCN"
"E01031608","Crawley","U52694","Crawley Care Collaborative PCN"
"E01031680","Horsham","U96386","Horsham Collaborative PCN"
"E01031803","Worthing","U49536","Coastal and South Downs PCN"
"E01031609","Crawley","U52694","Crawley Care Collaborative PCN"
"E01031681","Horsham","U96386","Horsham Collaborative PCN"
"E01031710","Mid Sussex","U06871","Burgess Hill & Villages PCN"
"E01031804","Worthing","U01092","Cissbury Integrated Care PCN"
"E01031708","Mid Sussex","U06871","Burgess Hill & Villages PCN"
"E01031654","Horsham","U26939","Horsham Central PCN"
"E01031834","Worthing","U01092","Cissbury Integrated Care PCN"
"E01031709","Mid Sussex","U06871","Burgess Hill & Villages PCN"
"E01031655","Horsham","U26939","Horsham Central PCN"
"E01031759","Mid Sussex","U04725","Haywards Heath Central PCN"
"E01031760","Mid Sussex","U04725","Haywards Heath Central PCN"
"E01031706","Mid Sussex","U06871","Burgess Hill & Villages PCN"
"E01031610","Crawley","U52694","Crawley Care Collaborative PCN"
"E01031682","Horsham","U96386","Horsham Collaborative PCN"
"E01031805","Worthing","U49536","Coastal and South Downs PCN"
"E01031718","Mid Sussex","U14816","Healthy Crawley PCN"
"E01031719","Mid Sussex","U14816","Healthy Crawley PCN"
"E01031720","Mid Sussex","U14816","Healthy Crawley PCN"
"E01031806","Worthing","U01092","Cissbury Integrated Care PCN"
"E01031807","Worthing","U01092","Cissbury Integrated Care PCN"
"E01031808","Worthing","U01092","Cissbury Integrated Care PCN"
"E01031809","Worthing","U01092","Cissbury Integrated Care PCN"
"E01031810","Worthing","U01092","Cissbury Integrated Care PCN"
"E01031764","Mid Sussex","U03364","Haywards Heath Villages PCN"
"E01031717","Mid Sussex","U06871","Burgess Hill & Villages PCN"
"E01031657","Horsham","U57981","Chanctonbury PCN"
"E01031836","Worthing","U13952","Central Worthing Practices PCN"
"E01031712","Mid Sussex","U06871","Burgess Hill & Villages PCN"
"E01031765","Mid Sussex","U03364","Haywards Heath Villages PCN"
"E01031658","Horsham","U26939","Horsham Central PCN"
"E01031837","Worthing","U13952","Central Worthing Practices PCN"
"E01031713","Mid Sussex","U06871","Burgess Hill & Villages PCN"
"E01031758","Mid Sussex","U03364","Haywards Heath Villages PCN"
"E01031611","Horsham","U57981","Chanctonbury PCN"
"E01031683","Horsham","U96386","Horsham Collaborative PCN"
"E01031721","Mid Sussex","U80779","East Grinstead PCN"
"E01031722","Mid Sussex","U80779","East Grinstead PCN"
"E01031723","Mid Sussex","U80779","East Grinstead PCN"
"E01031724","Mid Sussex","U80779","East Grinstead PCN"
"E01031725","Mid Sussex","U80779","East Grinstead PCN"
"E01031726","Mid Sussex","U03364","Haywards Heath Villages PCN"
"E01031727","Mid Sussex","U03364","Haywards Heath Villages PCN"
"E01031729","Mid Sussex","U80779","East Grinstead PCN"
"E01031730","Mid Sussex","U80779","East Grinstead PCN"
"E01031731","Mid Sussex","U80779","East Grinstead PCN"
"E01031732","Mid Sussex","U80779","East Grinstead PCN"
"E01031684","Horsham","U57981","Chanctonbury PCN"
"E01031733","Mid Sussex","U80779","East Grinstead PCN"
"E01031685","Horsham","U57981","Chanctonbury PCN"
"E01031734","Mid Sussex","U80779","East Grinstead PCN"
"E01031686","Horsham","U57981","Chanctonbury PCN"
"E01031735","Mid Sussex","U80779","East Grinstead PCN"
"E01031687","Horsham","U57981","Chanctonbury PCN"
"E01031736","Mid Sussex","U80779","East Grinstead PCN"
"E01031688","Horsham","U26939","Horsham Central PCN"
"E01031737","Mid Sussex","U80779","East Grinstead PCN"
"E01031689","Horsham","U26939","Horsham Central PCN"
"E01031738","Mid Sussex","U80779","East Grinstead PCN"
"E01031690","Horsham","U26939","Horsham Central PCN"
"E01031739","Mid Sussex","U80779","East Grinstead PCN"
"E01031691","Horsham","U26939","Horsham Central PCN"
"E01031740","Mid Sussex","U80779","East Grinstead PCN"
"E01031693","Mid Sussex","U03364","Haywards Heath Villages PCN"
"E01031741","Mid Sussex","U80779","East Grinstead PCN"
"E01031694","Mid Sussex","U03364","Haywards Heath Villages PCN"
"E01031743","Mid Sussex","U80779","East Grinstead PCN"
"E01031695","Mid Sussex","U80779","East Grinstead PCN"
"E01031744","Mid Sussex","U06871","Burgess Hill & Villages PCN"
"E01031833","Worthing","U01092","Cissbury Integrated Care PCN"
"E01031696","Mid Sussex","U54760","High Weald PCN"
"E01031745","Mid Sussex","U06871","Burgess Hill & Villages PCN"
"E01031653","Horsham","U26939","Horsham Central PCN"
"E01031612","Horsham","U57981","Chanctonbury PCN"
"E01031766","Mid Sussex","U80779","East Grinstead PCN"
"E01031697","Mid Sussex","U03364","Haywards Heath Villages PCN"
"E01031746","Mid Sussex","U06871","Burgess Hill & Villages PCN"
"E01031614","Horsham","U57981","Chanctonbury PCN"
"E01031615","Horsham","U57981","Chanctonbury PCN"
"E01031616","Horsham","U57981","Chanctonbury PCN"
"E01031617","Horsham","U57981","Chanctonbury PCN"
"E01031618","Horsham","U57981","Chanctonbury PCN"
"E01031620","Horsham","U26939","Horsham Central PCN"
"E01031621","Horsham","U33593","Rural North Chichester PCN"
"E01031622","Horsham","U57981","Chanctonbury PCN"
"E01031623","Horsham","U33593","Rural North Chichester PCN"
"E01031624","Horsham","U57981","Chanctonbury PCN"
"E01031625","Horsham","U57981","Chanctonbury PCN"
"E01031626","Horsham","U57981","Chanctonbury PCN"
"E01031627","Horsham","U57981","Chanctonbury PCN"
"E01031628","Horsham","U57981","Chanctonbury PCN"
"E01031629","Horsham","U57981","Chanctonbury PCN"
"E01031630","Horsham","U57981","Chanctonbury PCN"
"E01031631","Horsham","U57981","Chanctonbury PCN"
"E01031632","Horsham","U96386","Horsham Collaborative PCN"
"E01031633","Horsham","U96386","Horsham Collaborative PCN"
"E01031634","Horsham","U96386","Horsham Collaborative PCN"
"E01031635","Horsham","U96386","Horsham Collaborative PCN"
"E01031638","Horsham","U26939","Horsham Central PCN"
"E01031639","Horsham","U26939","Horsham Central PCN"
"E01031640","Horsham","U26939","Horsham Central PCN"
"E01031641","Horsham","U57981","Chanctonbury PCN"
"E01031642","Horsham","U57981","Chanctonbury PCN"
"E01031643","Horsham","U57981","Chanctonbury PCN"
"E01031644","Horsham","U26939","Horsham Central PCN"
"E01031645","Horsham","U26939","Horsham Central PCN"
"E01031646","Horsham","U26939","Horsham Central PCN"
"E01031647","Horsham","U26939","Horsham Central PCN"
"E01031648","Horsham","U26939","Horsham Central PCN"
"E01031649","Horsham","U26939","Horsham Central PCN"
"E01031650","Horsham","U26939","Horsham Central PCN"
"E01031707","Mid Sussex","U06871","Burgess Hill & Villages PCN"
"E01031698","Mid Sussex","U06871","Burgess Hill & Villages PCN"
"E01031699","Mid Sussex","U06871","Burgess Hill & Villages PCN"
"E01031700","Mid Sussex","U06871","Burgess Hill & Villages PCN"
"E01031701","Mid Sussex","U06871","Burgess Hill & Villages PCN"
"E01031702","Mid Sussex","U06871","Burgess Hill & Villages PCN"
"E01031770","Mid Sussex","U06871","Burgess Hill & Villages PCN"
"E01031771","Mid Sussex","U06871","Burgess Hill & Villages PCN"
"E01031772","Mid Sussex","U03364","Haywards Heath Villages PCN"
"E01031773","Mid Sussex","U03364","Haywards Heath Villages PCN"
"E01031774","Mid Sussex","U03364","Haywards Heath Villages PCN"
"E01031775","Mid Sussex","U03364","Haywards Heath Villages PCN"
"E01031776","Worthing","U13952","Central Worthing Practices PCN"
"E01031777","Worthing","U13952","Central Worthing Practices PCN"
"E01031778","Worthing","U13952","Central Worthing Practices PCN"
"E01031779","Worthing","U13952","Central Worthing Practices PCN"
"E01031780","Worthing","U13952","Central Worthing Practices PCN"
"E01031781","Worthing","U13952","Central Worthing Practices PCN"
"E01031782","Worthing","U01092","Cissbury Integrated Care PCN"
"E01031783","Worthing","U01092","Cissbury Integrated Care PCN"
"E01031785","Worthing","U01092","Cissbury Integrated Care PCN"
"E01031786","Worthing","U01092","Cissbury Integrated Care PCN"
"E01031787","Worthing","U01092","Cissbury Integrated Care PCN"
"E01031788","Worthing","U01092","Cissbury Integrated Care PCN"
"E01031790","Worthing","U01092","Cissbury Integrated Care PCN"
"E01031791","Worthing","U13952","Central Worthing Practices PCN"
"E01031792","Worthing","U49536","Coastal and South Downs PCN"
"E01031793","Worthing","U49536","Coastal and South Downs PCN"
"E01031794","Worthing","U49536","Coastal and South Downs PCN"
"E01031659","Horsham","U57981","Chanctonbury PCN"
"E01031747","Mid Sussex","U06871","Burgess Hill & Villages PCN"
"E01031838","Worthing","U13952","Central Worthing Practices PCN"
"E01031714","Mid Sussex","U06871","Burgess Hill & Villages PCN"
"E01031767","Mid Sussex","U06871","Burgess Hill & Villages PCN"
"E01031660","Horsham","U96386","Horsham Collaborative PCN"
"E01031839","Worthing","U13952","Central Worthing Practices PCN"
"E01031715","Mid Sussex","U06871","Burgess Hill & Villages PCN"
"E01031768","Mid Sussex","U06871","Burgess Hill & Villages PCN"
"E01031661","Horsham","U96386","Horsham Collaborative PCN"
"E01031840","Worthing","U13952","Central Worthing Practices PCN"
"E01031716","Mid Sussex","U06871","Burgess Hill & Villages PCN"
"E01031769","Mid Sussex","U06871","Burgess Hill & Villages PCN"
"E01031662","Horsham","U33593","Rural North Chichester PCN"
"E01031663","Horsham","U33593","Rural North Chichester PCN"
"E01031664","Horsham","U33593","Rural North Chichester PCN"
"E01031665","Horsham","U33593","Rural North Chichester PCN"
"E01031666","Horsham","U26939","Horsham Central PCN"
"E01031667","Horsham","U26939","Horsham Central PCN"
"E01031668","Horsham","U26939","Horsham Central PCN"
"E01031669","Horsham","U26939","Horsham Central PCN"
"E01031670","Horsham","U26939","Horsham Central PCN"
"E01031671","Horsham","U26939","Horsham Central PCN"
"E01031672","Horsham","U26939","Horsham Central PCN"
"E01031673","Horsham","U26939","Horsham Central PCN"
"E01031748","Mid Sussex","U06871","Burgess Hill & Villages PCN"
"E01031749","Mid Sussex","U04725","Haywards Heath Central PCN"
"E01031750","Mid Sussex","U03364","Haywards Heath Villages PCN"
"E01031751","Mid Sussex","U04725","Haywards Heath Central PCN"
"E01031752","Mid Sussex","U04725","Haywards Heath Central PCN"
"E01031753","Mid Sussex","U04725","Haywards Heath Central PCN"
"E01031754","Mid Sussex","U04725","Haywards Heath Central PCN"
"E01031755","Mid Sussex","U04725","Haywards Heath Central PCN"
"E01032831","Eastbourne","U48056","Eastbourne East PCN"
"E01032832","Eastbourne","U48056","Eastbourne East PCN"
"E01032833","Eastbourne","U48056","Eastbourne East PCN"
"E01032835","Crawley","U52694","Crawley Care Collaborative PCN"
"E01032836","Crawley","U52694","Crawley Care Collaborative PCN"
"E01032837","Mid Sussex","U04725","Haywards Heath Central PCN"
"E01032838","Mid Sussex","U04725","Haywards Heath Central PCN"
"E01032839","Mid Sussex","U04725","Haywards Heath Central PCN"
"E01033328","Brighton and Hove","U29677","East & Central Brighton PCN"
"E01033329","Brighton and Hove","U29677","East & Central Brighton PCN"
"E01034298","Eastbourne","U52868","Alps Group PCN"
"E01034299","Wealden","U94996","Hailsham PCN"
"E01034300","Wealden","U94996","Hailsham PCN"
"E01034301","Wealden","U94996","Hailsham PCN"
"E01034302","Wealden","U94996","Hailsham PCN"
"E01034303","Wealden","U94996","Hailsham PCN"
"E01034304","Wealden","U42972","Victoria Eastbourne PCN"
"E01034305","Wealden","U42972","Victoria Eastbourne PCN"
"E01034819","Arun","U04748","Angmering Coppice Fitzalan (ACF) PCN"
"E01034828","Worthing","U01092","Cissbury Integrated Care PCN"
"E01034829","Worthing","U01092","Cissbury Integrated Care PCN"
"E01034830","Worthing","U01092","Cissbury Integrated Care PCN"
"E01034820","Arun","U04748","Angmering Coppice Fitzalan (ACF) PCN"
"E01034831","Worthing","U01092","Cissbury Integrated Care PCN"
"E01034821","Arun","U04748","Angmering Coppice Fitzalan (ACF) PCN"
"E01034822","Arun","U08235","Regis Healthcare PCN"
"E01034816","Arun","U04748","Angmering Coppice Fitzalan (ACF) PCN"
"E01034817","Arun","U04748","Angmering Coppice Fitzalan (ACF) PCN"
"E01034818","Arun","U04748","Angmering Coppice Fitzalan (ACF) PCN"
"E01034827","Worthing","U49536","Coastal and South Downs PCN"
"E01034823","Arun","U08235","Regis Healthcare PCN"
"E01034824","Arun","U08235","Regis Healthcare PCN"
"E01034825","Arun","U08235","Regis Healthcare PCN"
"E01034826","Worthing","U49536","Coastal and South Downs PCN"
"E01035324","Chichester","U24558","Chichester Alliance of Medical Practices PCN"
"E01035325","Chichester","U24558","Chichester Alliance of Medical Practices PCN"
"E01035326","Chichester","U24558","Chichester Alliance of Medical Practices PCN"
"E01035327","Chichester","U24558","Chichester Alliance of Medical Practices PCN"
"E01035341","Horsham","U57981","Chanctonbury PCN"
"E01035342","Horsham","U57981","Chanctonbury PCN"
"E01035343","Mid Sussex","U80779","East Grinstead PCN"
"E01035344","Mid Sussex","U80779","East Grinstead PCN"
"E01035345","Mid Sussex","U03364","Haywards Heath Villages PCN"
"E01035339","Horsham","U26939","Horsham Central PCN"
"E01035352","Mid Sussex","U03364","Haywards Heath Villages PCN"
"E01035346","Mid Sussex","U03364","Haywards Heath Villages PCN"
"E01035340","Horsham","U26939","Horsham Central PCN"
"E01035328","Crawley","U52694","Crawley Care Collaborative PCN"
"E01035329","Crawley","U52694","Crawley Care Collaborative PCN"
"E01035330","Horsham","U26939","Horsham Central PCN"
"E01035331","Horsham","U26939","Horsham Central PCN"
"E01035332","Horsham","U26939","Horsham Central PCN"
"E01035333","Horsham","U26939","Horsham Central PCN"
"E01035334","Horsham","U26939","Horsham Central PCN"
"E01035335","Horsham","U26939","Horsham Central PCN"
"E01035336","Horsham","U26939","Horsham Central PCN"
"E01035337","Horsham","U26939","Horsham Central PCN"
"E01035338","Horsham","U26939","Horsham Central PCN"
"E01035348","Mid Sussex","U04725","Haywards Heath Central PCN"
"E01035347","Mid Sussex","U04725","Haywards Heath Central PCN"
"E01035349","Mid Sussex","U03364","Haywards Heath Villages PCN"
"E01035353","Mid Sussex","U06871","Burgess Hill & Villages PCN"
"E01035350","Mid Sussex","U03364","Haywards Heath Villages PCN"
"E01035351","Mid Sussex","U03364","Haywards Heath Villages PCN"
"E01035354","Mid Sussex","U06871","Burgess Hill & Villages PCN"
"E01035320","Chichester","U33593","Rural North Chichester PCN"
"E01035321","Chichester","U33593","Rural North Chichester PCN"
"E01035322","Chichester","U24558","Chichester Alliance of Medical Practices PCN"
"E01035323","Chichester","U24558","Chichester Alliance of Medical Practices PCN"
